Model,Accuracy,Precision,Recall,F1-Score,ROC-AUC
Random Forest,0.8764444444444445,0.20647773279352227,0.499455930359086,0.2921705919796308,0.7973965689562481
Gradient Boosting,0.9495555555555556,0.5462184873949579,0.07072905331882481,0.1252408477842004,0.8068499581364833
XGBoost,0.9496111111111111,0.5652173913043478,0.056583242655059846,0.10286844708209693,0.8031621909790508
